Driver,Car,CarClass,CarNumber,Position,FinishStatus,Laps,laptime_sec,laptime_pct,laptime_pct_alien,avg_laptime,avg_pace_pct_alien,stdev_laptime,stdev_pace_pct,lap_count,race_pace,pct_race_pace,consistency,reliability,n_tracklimits,n_inchidents,pct_laps,n_stops,pit_lane_pct_times,Driver_name,season_id,series_type,session_type
Jeffrey Aroyan,Porsche 963,Hyper,233,1,Finished Normally,58,65.1494,100.0,101.38,66.25237,103.1,1.434544476409121,2.23,50,66.88570377358492,101.15696163072188,0.9142713407881845,0.8679245283018868,5,2,100.0,2,1.0166654616635067,Jeffrey Aroyan,season2,multiclass,race
Julian Munoz#7588,Peugeot 9x8,Hyper,55,9,DNF,46,65.1865,99.94,101.44,66.51180263157895,103.5,1.5189192782293173,2.36,38,66.1207125,100.0,0.988571675115439,0.775,6,3,79.3103448275862,3,,Julian Munoz#7588,season2,multiclass,race
Nathan Sides,Peugeot 9x8,Hyper,12,4,Finished Normally,58,65.3698,99.66,101.73,66.63135106382977,103.69,1.4992072338220952,2.33,47,66.64976037735849,100.80012428383692,0.9759028828513266,0.7735849056603774,7,5,100.0,2,1.82311320854867,Nathan Sides,season2,multiclass,race
James Rubio,Peugeot 9x8,Hyper,27,3,Finished Normally,58,65.4187,99.59,101.8,66.62038260869565,103.67,1.4054650587070368,2.19,46,66.57200943396226,100.68253489247,0.9808648894657703,0.8113207547169812,9,1,100.0,2,0.8455244590444205,James Rubio,season2,multiclass,race
Michael Landry,Peugeot 9x8,Hyper,710,2,Finished Normally,58,65.5984,99.32,102.08,66.59260625,103.63,1.2089470742170552,1.88,48,66.51786226415095,100.60064350357834,0.9802870603912986,0.8113207547169812,7,3,100.0,2,0.8727452892707179,Michael Landry,season2,multiclass,race
Willie Mangram,Ferrari 499P,Hyper,2,6,Finished Normally,57,66.0507,98.64,102.79,67.67600638297873,105.32,1.4277014484225816,2.22,47,67.93800980392156,102.74845390379234,0.9710524594531234,0.8627450980392157,3,4,98.27586206896552,2,1.8606750646530854,Willie Mangram,season2,multiclass,race
Wesley Ambrose,BMW M Hybrid V8,Hyper,332,8,Finished Normally,56,66.1125,98.54,102.88,67.48728636363639,105.02,1.6812719526832935,2.62,44,67.78918823529412,102.52337833669613,0.9579709694680595,0.8235294117647058,5,4,96.55172413793103,2,2.2635150390978533,Wesley Ambrose,season2,multiclass,race
Grayson Head,Cadillac V-Series.R,Hyper,34,7,Finished Normally,56,66.2306,98.37,103.07,67.654405,105.28,1.5953450373444267,2.48,40,68.46037450980393,103.53847065668558,0.9544152162454153,0.7450980392156863,7,6,96.55172413793103,2,1.714765699155982,Grayson Head,season2,multiclass,race
Daniel Valasco,BMW M Hybrid V8,Hyper,477,5,Finished Normally,57,66.4504,98.04,103.41,67.7883411764706,105.49,1.710187509038288,2.66,51,67.70116730769232,102.39025677119301,0.9826387171186687,0.9038461538461539,1,4,98.27586206896552,2,1.6206962912552885,Daniel Valasco,season2,multiclass,race
Chris MacLennan,Genesis GMR001,Hyper,114,10,DNF,25,66.6637,97.73,103.74,68.64661,106.83,2.385722023093571,3.71,20,69.2513681818182,104.73475793506944,0.9575965976512859,0.8636363636363636,0,3,43.10344827586207,1,2.3528439641592898,Chris MacLennan,season2,multiclass,race
Kasi Jackman,Chevrolet Corvette Z06 LMGT3.R,GT3,868,2,Finished Normally,52,73.1262,100.0,101.04,74.33046666666667,102.71,2.005572124402127,2.77,42,73.94845106382981,100.14676051371399,0.9904460310585681,0.7659574468085106,8,3,100.0,2,1.5932855124035217,Kasi Jackman,season2,multiclass,race
Guillermo Paret,Lexus RCF LMGT3,GT3,52,3,Finished Normally,52,73.2212,99.87,101.18,74.28145333333333,102.64,1.9394793217159176,2.68,45,73.8400829787234,100.0,0.9932310308183266,0.851063829787234,5,2,100.0,2,1.679915068904368,Guillermo Paret,season2,multiclass,race
Avinash Ganti,Lexus RCF LMGT3,GT3,46,4,Finished Normally,52,73.2797,99.79,101.26,74.30532954545454,102.67,1.5858592441102768,2.19,44,73.92793404255319,100.1189747631447,0.9941322695120728,0.8723404255319149,6,0,100.0,2,1.6830317990242891,Avinash Ganti,season2,multiclass,race
Josh Popov,Lexus RCF LMGT3,GT3,6,5,Finished Normally,52,73.3033,99.76,101.29,74.44258888888888,102.86,2.5705551494695937,3.55,45,74.06742340425532,100.30788213712792,0.9827536124003946,0.851063829787234,5,2,100.0,2,1.6636410545894513,Josh Popov,season2,multiclass,race
Dan Jr Poulin,Ford Mustang LMGT3,GT3,514,7,Finished Normally,52,73.332,99.72,101.33,74.48944883720932,102.93,1.6820605472047974,2.32,43,74.4580510638298,100.83690058322992,0.9746704745330778,0.851063829787234,5,2,100.0,2,1.990871284256472,Dan Jr Poulin,season2,multiclass,race
Jesse Olsen,Lexus RCF LMGT3,GT3,16,12,DNF,33,73.3372,99.71,101.34,74.07902592592592,102.36,0.6847514027242034,0.95,27,74.18048999999999,100.46100574043867,0.9858348042297523,0.8333333333333334,3,2,63.46153846153846,1,0.769273969476341,Jesse Olsen,season2,multiclass,race
Dakota Botello,Ford Mustang LMGT3,GT3,1,1,Finished Normally,52,73.4648,99.54,101.51,74.30301555555556,102.67,1.598534237691113,2.21,45,73.91768723404256,100.10509773579415,0.9958354424838541,0.8936170212765957,5,0,100.0,2,1.5911043143360746,Dakota Botello,season2,multiclass,race
Abe Wozniak,Aston Martin Vantage AMR LMGT3,GT3,25,15,DNF,21,73.5027,99.49,101.57,75.15317333333334,103.85,3.2740442239937217,4.52,15,78.02149375,105.66279262237755,0.8050292021983239,0.75,3,1,40.38461538461539,1,0.7405396862194783,Abe Wozniak,season2,multiclass,race
C M Wilson,Porsche 911 GT3 R LMGT3,GT3,177,9,Finished Normally,51,73.5242,99.46,101.59,75.16372368421054,103.86,2.540275664806416,3.51,38,75.03570227272729,101.61920090792476,0.9713334141603568,0.7727272727272727,6,4,98.07692307692308,2,1.8468847057017608,Chris Wilson,season2,multiclass,race
p thom,Lexus RCF LMGT3,GT3,69,6,Finished Normally,52,73.5243,99.46,101.59,74.60857857142858,103.09,2.122587516944966,2.93,42,74.12568085106383,100.3867789157587,0.9936515295611796,0.8085106382978724,8,1,100.0,2,1.670891588093482,Parker Thomas,season2,multiclass,race
Mathieu Murray,BMW M4 LMGT3,GT3,14,17,DNF,21,73.619,99.33,101.73,75.59383529411764,104.45,3.682215308401517,5.09,17,74.57534117647059,100.99574400256165,0.9924491498194997,0.8823529411764706,2,0,40.38461538461539,1,0.8911030992108414,Mathieu Murray,season2,multiclass,race
Zac Beauclaire,Aston Martin Vantage AMR LMGT3,GT3,311,13,DNF,33,73.7095,99.21,101.85,75.5293037037037,104.37,3.0577989272679678,4.23,27,77.63521333333333,105.13966155171232,0.8318095257898824,0.8,4,2,63.46153846153846,1,0.8849975466459298,Zac Beauclaire,season2,multiclass,race
Dave Carter,Lexus RCF LMGT3,GT3,420,8,Finished Normally,51,73.7892,99.1,101.96,75.55697674418604,104.4,2.4116119832057406,3.33,43,75.41441956521739,102.13208940589574,0.9718296147020663,0.8695652173913043,4,2,98.07692307692308,2,1.556339257343618,Dave Carter,season2,multiclass,race
Richie Wood,Aston Martin Vantage AMR LMGT3,GT3,101,10,Finished Normally,51,73.8656,99.0,102.07,75.41406888888889,104.21,2.218916695845298,3.07,45,75.34991086956524,102.0447266984747,0.9706099191125838,0.8478260869565217,3,4,98.07692307692308,2,0.9108193457659371,Richie Wood,season2,multiclass,race
Ron Heslop,McLaren 720S LMGT3 Evo,GT3,22,16,DNF,21,74.3058,98.41,102.67,76.70771176470589,105.99,3.987680623790342,5.51,17,76.18664444444443,103.1778965719705,0.9667184322874293,0.7777777777777778,2,2,40.38461538461539,1,0.8579247923010136,Ron Heslop,season2,multiclass,race
Dustin Rand,Lexus RCF LMGT3,GT3,5,14,DNF,31,74.5994,98.03,103.08,76.32663846153847,105.47,3.2313520060899497,4.47,26,76.11072142857144,103.0750757017734,0.959599158615851,0.8214285714285714,3,2,59.61538461538461,1,0.8915965565579692,Dustin Rand,season2,multiclass,race
Lewis M Smith,Porsche 911 GT3 R LMGT3,GT3,28,11,Finished Normally,51,74.6936,97.9,103.21,76.0466465116279,105.08,2.2696672773095883,3.14,43,75.9049891304348,102.79645697622846,0.9838455829442457,0.8913043478260869,3,2,98.07692307692308,2,1.3508076959482662,Lewis M Smith,season2,multiclass,race
